config;histo_total;histo_i
checkPreselection.py;100;0
checkPreselection.py;100;1
checkPreselection.py;100;2
checkPreselection.py;100;3
checkPreselection.py;100;4
checkPreselection.py;100;5
checkPreselection.py;100;6
checkPreselection.py;100;7
checkPreselection.py;100;8
checkPreselection.py;100;9
checkPreselection.py;100;10
checkPreselection.py;100;11
checkPreselection.py;100;12
checkPreselection.py;100;13
checkPreselection.py;100;14
checkPreselection.py;100;15
checkPreselection.py;100;16
checkPreselection.py;100;17
checkPreselection.py;100;18
checkPreselection.py;100;19
checkPreselection.py;100;20
checkPreselection.py;100;21
checkPreselection.py;100;22
